{
    "name": "Heatpump_sz1_sfh",
    "specification":"hplib: Viessmann_AWO-M-AC_(AF)_101.A14",
    "source_type": "air-water",	
    "cop_constant": 3.5,
    "part_load_min": 0.0,
    "cooling_mode": "False",
    "temperature_out_sec_heating_mode": 50.0,
    "temperature_out_sec_cooling_mode": 15.0,
    "p_th_h_ref":10300,
    "p_el_h_ref":4905,
    "p1_p_el_h":-77.9242363170721,
    "p2_p_el_h":0.0123056012964277,
    "p3_p_el_h":0.0061433797877721,
    "p4_p_el_h":77.8769833424225,
    "p_th_c_ref":11480,
    "p_el_c_ref":3532.30769230769,
    "p1_p_el_c":39.3665465899323,
    "p2_p_el_c":-0.00975383912222,
    "p3_p_el_c":-1.25577712617464,
    "p4_p_el_c":-39.3016528381732,
    "p1_cop":-90.0555840658338,
    "p2_cop":-0.0981360877186726,
    "p3_cop":7.46051555429704,
    "p4_cop":90.2089162498679,
    "p1_eer":44.2270611319323,
    "p2_eer":0.0509908970267271,
    "p3_eer":9.30519868714074,
    "p4_eer":-44.4057751278752,        
    "end_of_life":473040000,
    "capex_p1": 4049.2,
    "capex_p2": -0.3160,
    "subsidy_percentage_capex": 0.35,
    "subsidy_limit": 27000.0,
    "opex_fix_p1": 0.01,
    "opex_var": 0.0
}
